<?xml version="1.0" encoding="UTF-8"?>
<!--This is a Reload version 2.5.4 SCORM 2004 Content Package document-->
<!--Spawned from the Reload Content Package Generator - http://www.reload.ac.uk-->
<manifest xmlns="http://www.imsglobal.org/xsd/imscp_v1p1" xmlns:imsmd="http://ltsc.ieee.org/xsd/LOM" xmlns:xsi="http://www.w3.org/2001/XMLSchema-instance" xmlns:adlcp="http://www.adlnet.org/xsd/adlcp_v1p3" xmlns:imsss="http://www.imsglobal.org/xsd/imsss" xmlns:adlseq="http://www.adlnet.org/xsd/adlseq_v1p3" xmlns:adlnav="http://www.adlnet.org/xsd/adlnav_v1p3" identifier="MANIFEST-139B079DA99B69EABE9C99A013CA841F" xsi:schemaLocation="http://www.imsglobal.org/xsd/imscp_v1p1 imscp_v1p1.xsd http://ltsc.ieee.org/xsd/LOM lom.xsd http://www.adlnet.org/xsd/adlcp_v1p3 adlcp_v1p3.xsd http://www.imsglobal.org/xsd/imsss imsss_v1p0.xsd http://www.adlnet.org/xsd/adlseq_v1p3 adlseq_v1p3.xsd http://www.adlnet.org/xsd/adlnav_v1p3 adlnav_v1p3.xsd">
  <metadata>
    <schema>ADL SCORM</schema>
    <schemaversion>2004 3rd Edition</schemaversion>
  </metadata>
  <organizations default="ORG-35C6AD226A6FC7DB47BE726A01167EBF">
    <organization identifier="ORG-35C6AD226A6FC7DB47BE726A01167EBF" structure="hierarchical">
      <title>Roses 101 - xAPI-Converted</title>
      <item identifier="ITEM-5E9AC1DCB6A0F867E6197B8CDB8948C5" isvisible="true">
        <title>Module1</title>
        <item identifier="ITEM-55AAA6A3545DE7BE0DA3815BE1A68D4F" isvisible="true" identifierref="RES-9EDAE324221F5841BB39FEF6DFDE2BA4">
          <title>Introduction to Roses</title>
        </item>
        <imsss:sequencing>
          <imsss:controlMode choice="true" choiceExit="true" flow="true" forwardOnly="false" useCurrentAttemptObjectiveInfo="true" useCurrentAttemptProgressInfo="true" />
          <imsss:rollupRules objectiveMeasureWeight="0.0000" />
        </imsss:sequencing>
      </item>
      <item identifier="ITEM-6755457C8BB7136F9472BA252CD4C886" isvisible="true">
        <title>Pretest</title>
        <item identifier="ITEM-F42903ECE4667B88004E500FB0E8814F" isvisible="true" identifierref="RES-0846D65AA38327A33B27BD10324712D9">
          <title>Q1</title>
          <imsss:sequencing>
            <imsss:rollupRules objectiveMeasureWeight="0.0000" />
            <imsss:objectives>
              <imsss:primaryObjective satisfiedByMeasure="false" objectiveID="Q1comp">
                <imsss:mapInfo targetObjectiveID="Q1comp" readSatisfiedStatus="false" readNormalizedMeasure="false" writeSatisfiedStatus="true" writeNormalizedMeasure="true" />
              </imsss:primaryObjective>
            </imsss:objectives>
          </imsss:sequencing>
        </item>
        <item identifier="ITEM-6D9F60E12E04F56E8E5CF81A5FE7C251" isvisible="true" identifierref="RES-672D64B6AC98F89E0AB6BDA2CA7A60E5">
          <title>Q2</title>
          <imsss:sequencing>
            <imsss:rollupRules objectiveMeasureWeight="0.0000" />
            <imsss:objectives>
              <imsss:primaryObjective satisfiedByMeasure="false" objectiveID="Q2Comp">
                <imsss:mapInfo targetObjectiveID="Q2Comp" readSatisfiedStatus="false" readNormalizedMeasure="false" writeSatisfiedStatus="true" writeNormalizedMeasure="true" />
              </imsss:primaryObjective>
            </imsss:objectives>
          </imsss:sequencing>
        </item>
        <item identifier="ITEM-66729CAA632E87A5D96583ACE97B0D77" isvisible="true" identifierref="RES-CDE0CF00FFA18541A35818187D9FC513">
          <title>Q3</title>
          <imsss:sequencing>
            <imsss:rollupRules objectiveMeasureWeight="0.0000" />
            <imsss:objectives>
              <imsss:primaryObjective satisfiedByMeasure="false" objectiveID="Q3Comp">
                <imsss:mapInfo targetObjectiveID="Q3comp" readSatisfiedStatus="false" readNormalizedMeasure="false" writeSatisfiedStatus="true" writeNormalizedMeasure="true" />
              </imsss:primaryObjective>
            </imsss:objectives>
          </imsss:sequencing>
        </item>
        <item identifier="ITEM-D19EEBD1FE4EABAB2B0E35239860494A" isvisible="true" identifierref="RES-00468743A7FC4329257619AC9541C732">
          <title>Q4</title>
          <imsss:sequencing>
            <imsss:rollupRules objectiveMeasureWeight="0.0000" />
            <imsss:objectives>
              <imsss:primaryObjective satisfiedByMeasure="false" objectiveID="Q4Comp">
                <imsss:mapInfo targetObjectiveID="Q4Comp" readSatisfiedStatus="false" readNormalizedMeasure="false" writeSatisfiedStatus="true" writeNormalizedMeasure="true" />
              </imsss:primaryObjective>
            </imsss:objectives>
          </imsss:sequencing>
        </item>
        <imsss:sequencing>
          <imsss:controlMode choice="true" choiceExit="true" flow="true" forwardOnly="false" useCurrentAttemptObjectiveInfo="true" useCurrentAttemptProgressInfo="true" />
          
	<imsss:rollupRules  objectiveMeasureWeight="0.0000">
		<imsss:rollupRule childActivitySet = "all">
			<imsss:rollupConditions>
			<imsss:rollupCondition condition = "attempted"/>
			</imsss:rollupConditions>
			<imsss:rollupAction action = "completed"/>
		</imsss:rollupRule>
		<imsss:rollupRule childActivitySet = "all">
			<imsss:rollupConditions>
			<imsss:rollupCondition condition = "attempted"/>
			</imsss:rollupConditions>
			<imsss:rollupAction action = "satisfied"/>
		</imsss:rollupRule>
	</imsss:rollupRules>
        </imsss:sequencing>
      </item>
      <item identifier="ITEM-2D7834AC727AD7E6DA34192C55ACD4B0" isvisible="true">
        <title>Module2</title>
        <item identifier="ITEM-7DC331A0232C10CEB3247B077645AA7D" isvisible="true" identifierref="RES-31E04683377558E96E1EA976B6D5993E">
          <title>What_Is_A_Rose</title>
        </item>
        <imsss:sequencing>
          <imsss:controlMode choice="true" choiceExit="true" flow="true" forwardOnly="false" useCurrentAttemptObjectiveInfo="true" useCurrentAttemptProgressInfo="true" />
          <imsss:sequencingRules>
            <imsss:preConditionRule>
              <imsss:ruleConditions conditionCombination="all">
                <imsss:ruleCondition operator="noOp" referencedObjective="TestOut" condition="satisfied" />
              </imsss:ruleConditions>
              <imsss:ruleAction action="skip" />
            </imsss:preConditionRule>
          </imsss:sequencingRules>
          <imsss:rollupRules objectiveMeasureWeight="0.0000" />
          <imsss:objectives>
            <imsss:primaryObjective satisfiedByMeasure="false" objectiveID="TestOut">
              <imsss:mapInfo targetObjectiveID="Q1Comp" readSatisfiedStatus="true" readNormalizedMeasure="true" writeSatisfiedStatus="true" writeNormalizedMeasure="true" />
            </imsss:primaryObjective>
          </imsss:objectives>
        </imsss:sequencing>
      </item>
      <item identifier="ITEM-ED5D6FC9F5FD547FC7EDA72E100167A2" isvisible="true">
        <title>Module3</title>
        <item identifier="ITEM-AD2FB3AFC3BD1F3479A20EE69C7E13AD" isvisible="true" identifierref="RES-9D5031D5E3BC2FBF371D6BDD26B06C35">
          <title>Pruning</title>
        </item>
        <item identifier="ITEM-5F980AF6F6C28A076962578BEB434365" isvisible="true" identifierref="RES-7D5CD34E21C2955D4F05D9DBEAD5F487">
          <title>DeadHeading</title>
        </item>
        <item identifier="ITEM-278B62995DDE020D622C8DCF74D8E614" isvisible="true" identifierref="RES-A842E4CE1FCBF754B4B1D18A6226AD00">
          <title>Shearing</title>
        </item>
        <imsss:sequencing>
          <imsss:controlMode choice="true" choiceExit="true" flow="true" forwardOnly="false" useCurrentAttemptObjectiveInfo="true" useCurrentAttemptProgressInfo="true" />
          <imsss:sequencingRules>
            <imsss:preConditionRule>
              <imsss:ruleConditions conditionCombination="all">
                <imsss:ruleCondition operator="noOp" referencedObjective="TestOut" condition="satisfied" />
              </imsss:ruleConditions>
              <imsss:ruleAction action="skip" />
            </imsss:preConditionRule>
          </imsss:sequencingRules>
          <imsss:rollupRules objectiveMeasureWeight="0.0000" />
          <imsss:objectives>
            <imsss:primaryObjective satisfiedByMeasure="false" objectiveID="TestOut">
              <imsss:mapInfo targetObjectiveID="Q2Comp" readSatisfiedStatus="true" readNormalizedMeasure="true" writeSatisfiedStatus="true" writeNormalizedMeasure="true" />
            </imsss:primaryObjective>
          </imsss:objectives>
        </imsss:sequencing>
      </item>
      <item identifier="ITEM-1D819715671DF279F753A3BD2C153B48" isvisible="true">
        <title>Module4</title>
        <item identifier="ITEM-69F9C6752BCDCC9E35F81322B42C907E" isvisible="true" identifierref="RES-136A5D74CD7C8B942C921996AE343626">
          <title>Rose Hybrids</title>
        </item>
        <imsss:sequencing>
          <imsss:controlMode choice="true" choiceExit="true" flow="true" forwardOnly="false" useCurrentAttemptObjectiveInfo="true" useCurrentAttemptProgressInfo="true" />
          <imsss:sequencingRules>
            <imsss:preConditionRule>
              <imsss:ruleConditions conditionCombination="all">
                <imsss:ruleCondition operator="noOp" referencedObjective="TestOut" condition="satisfied" />
              </imsss:ruleConditions>
              <imsss:ruleAction action="skip" />
            </imsss:preConditionRule>
          </imsss:sequencingRules>
          <imsss:rollupRules objectiveMeasureWeight="0.0000" />
          <imsss:objectives>
            <imsss:primaryObjective satisfiedByMeasure="false" objectiveID="TestOut">
              <imsss:mapInfo targetObjectiveID="Q3Comp" readSatisfiedStatus="true" readNormalizedMeasure="true" writeSatisfiedStatus="true" writeNormalizedMeasure="true" />
            </imsss:primaryObjective>
          </imsss:objectives>
        </imsss:sequencing>
      </item>
      <item identifier="ITEM-C16B0D8E4D1140550EF61C6C3FA5D260" isvisible="true">
        <title>Module5</title>
        <item identifier="ITEM-54F3E27DDDFB7138B3EA64A7CFC8558F" isvisible="true" identifierref="RES-89EFD946750E943D00A4C1B1BC1F6CF2">
          <title>Styles Of Floristry</title>
        </item>
        <item identifier="ITEM-10DA87987356D0578B1CBBC0840F36E9" isvisible="true" identifierref="RES-19E12DFC84BA3BE391B6BACAA6257A06">
          <title>Color Symbolism</title>
        </item>
        <imsss:sequencing>
          <imsss:controlMode choice="true" choiceExit="true" flow="true" forwardOnly="false" useCurrentAttemptObjectiveInfo="true" useCurrentAttemptProgressInfo="true" />
          <imsss:sequencingRules>
            <imsss:preConditionRule>
              <imsss:ruleConditions conditionCombination="all">
                <imsss:ruleCondition operator="noOp" referencedObjective="TestOut" condition="satisfied" />
              </imsss:ruleConditions>
              <imsss:ruleAction action="skip" />
            </imsss:preConditionRule>
          </imsss:sequencingRules>
          <imsss:rollupRules objectiveMeasureWeight="0.0000" />
          <imsss:objectives>
            <imsss:primaryObjective satisfiedByMeasure="false" objectiveID="TestOut">
              <imsss:mapInfo targetObjectiveID="Q4Comp" readSatisfiedStatus="true" readNormalizedMeasure="true" writeSatisfiedStatus="true" writeNormalizedMeasure="true" />
            </imsss:primaryObjective>
          </imsss:objectives>
        </imsss:sequencing>
      </item>
      <item identifier="ITEM-1270BAC522F55EF43D9CA5D849625679" isvisible="true">
        <title>PostTest</title>
        <item identifier="ITEM-36A7E4A088E3626030E299FFE10F6CEE" isvisible="true" identifierref="RES-EE77F0999A62C65FBB22EEAF08422B25">
          <title>PostTest</title>
        </item>
        <imsss:sequencing>
          <imsss:controlMode choice="false" choiceExit="false" flow="true" forwardOnly="true" useCurrentAttemptObjectiveInfo="true" useCurrentAttemptProgressInfo="true" />
          <imsss:rollupRules objectiveMeasureWeight="1.0000" />
        </imsss:sequencing>
      </item>
      <imsss:sequencing>
        <imsss:controlMode choice="true" choiceExit="true" flow="true" forwardOnly="false" useCurrentAttemptObjectiveInfo="true" useCurrentAttemptProgressInfo="true" />
        <imsss:rollupRules objectiveMeasureWeight="1.0000" />
      </imsss:sequencing>
    </organization>
  </organizations>
  <resources>
    <resource identifier="RES-9EDAE324221F5841BB39FEF6DFDE2BA4" adlcp:scormType="sco" type="webcontent" href="Introduction_To_Roses/Introduction.html">
      <file href="Introduction_To_Roses/Introduction.html" />
      <file href="Shared/JavaScript/APIWrapper.js" />
      <file href="Shared/JavaScript/SCOFunctions.js" />
    </resource>
    <resource identifier="RES-0846D65AA38327A33B27BD10324712D9" adlcp:scormType="sco" type="webcontent" href="Assessments/assess_q1.html">
      <file href="Assessments/assess_q1.html" />
      <file href="Shared/JavaScript/APIWrapper.js" />
      <file href="Shared/JavaScript/SCOFunctions.js" />
    </resource>
    <resource identifier="RES-672D64B6AC98F89E0AB6BDA2CA7A60E5" adlcp:scormType="sco" type="webcontent" href="Assessments/assess_q2.html">
      <file href="Assessments/assess_q2.html" />
      <file href="Shared/JavaScript/APIWrapper.js" />
      <file href="Shared/JavaScript/SCOFunctions.js" />
    </resource>
    <resource identifier="RES-CDE0CF00FFA18541A35818187D9FC513" adlcp:scormType="sco" type="webcontent" href="Assessments/assess_q3.html">
      <file href="Assessments/assess_q3.html" />
      <file href="Shared/JavaScript/APIWrapper.js" />
      <file href="Shared/JavaScript/SCOFunctions.js" />
    </resource>
    <resource identifier="RES-00468743A7FC4329257619AC9541C732" adlcp:scormType="sco" type="webcontent" href="Assessments/assess_q4.html">
      <file href="Assessments/assess_q4.html" />
      <file href="Shared/JavaScript/APIWrapper.js" />
      <file href="Shared/JavaScript/SCOFunctions.js" />
    </resource>
    <resource identifier="RES-31E04683377558E96E1EA976B6D5993E" adlcp:scormType="sco" type="webcontent" href="What_Is_A_Rose/What_Is_A_Rose.html">
      <file href="What_Is_A_Rose/What_Is_A_Rose.html" />
      <file href="Shared/JavaScript/APIWrapper.js" />
      <file href="Shared/JavaScript/SCOFunctions.js" />
    </resource>
    <resource identifier="RES-9D5031D5E3BC2FBF371D6BDD26B06C35" adlcp:scormType="sco" type="webcontent" href="Pruning/Pruning.html">
      <file href="Pruning/Pruning.html" />
      <file href="Shared/JavaScript/APIWrapper.js" />
      <file href="Shared/JavaScript/SCOFunctions.js" />
    </resource>
    <resource identifier="RES-7D5CD34E21C2955D4F05D9DBEAD5F487" adlcp:scormType="sco" type="webcontent" href="Dead_Heading/Dead_Heading.html">
      <file href="Dead_Heading/Dead_Heading.html" />
      <file href="Shared/JavaScript/APIWrapper.js" />
      <file href="Shared/JavaScript/SCOFunctions.js" />
    </resource>
    <resource identifier="RES-A842E4CE1FCBF754B4B1D18A6226AD00" adlcp:scormType="sco" type="webcontent" href="Shearing/Shearing.html">
      <file href="Shearing/Shearing.html" />
      <file href="Shared/JavaScript/APIWrapper.js" />
      <file href="Shared/JavaScript/SCOFunctions.js" />
    </resource>
    <resource identifier="RES-136A5D74CD7C8B942C921996AE343626" adlcp:scormType="sco" type="webcontent" href="Hybrids/Rose_Hybrids.html">
      <file href="Hybrids/Rose_Hybrids.html" />
      <file href="Shared/JavaScript/APIWrapper.js" />
      <file href="Shared/JavaScript/SCOFunctions.js" />
    </resource>
    <resource identifier="RES-89EFD946750E943D00A4C1B1BC1F6CF2" adlcp:scormType="sco" type="webcontent" href="Styles_Of_Floristry/Styles_Of_Floristry.html">
      <file href="Styles_Of_Floristry/Styles_Of_Floristry.html" />
      <file href="Shared/JavaScript/APIWrapper.js" />
      <file href="Shared/JavaScript/SCOFunctions.js" />
      <file href="Styles_Of_Floristry/Floristry.swf" />
    </resource>
    <resource identifier="RES-19E12DFC84BA3BE391B6BACAA6257A06" adlcp:scormType="sco" type="webcontent" href="Color_Symbolism/Color_Symbolism.html">
      <file href="Color_Symbolism/Color_Symbolism.html" />
      <file href="Shared/JavaScript/APIWrapper.js" />
      <file href="Shared/JavaScript/SCOFunctions.js" />
    </resource>
    <resource identifier="RES-2262521A4CB117E7946BDF90E46F0E8F" adlcp:scormType="asset" type="webcontent" href="Assessments/results.html">
      <file href="Assessments/results.html" />
      <file href="Shared/JavaScript/APIWrapper.js" />
      <file href="Shared/JavaScript/SCOFunctions.js" />
    </resource>
    <resource identifier="RES-CD84CD9DF45D75D1EBDA7B9A9C6F19B1" adlcp:scormType="asset" type="webcontent" href="Shared/JavaScript/APIWrapper.js">
      <file href="Shared/JavaScript/APIWrapper.js" />
    </resource>
    <resource identifier="RES-989F6BD01C5414E61FFA0F0293212092" adlcp:scormType="asset" type="webcontent" href="Shared/JavaScript/SCOFunctions.js">
      <file href="Shared/JavaScript/SCOFunctions.js" />
    </resource>
    <resource identifier="RES-6B16C6F8B722DDCFD4932E214D00A926" adlcp:scormType="asset" type="webcontent" href="Shared/about.html">
      <file href="Shared/about.html" />
    </resource>
    <resource identifier="RES-5847FAE18C2D0F72E1073C1CFE5AAE14" adlcp:scormType="asset" type="webcontent" href="Shared/about.xml">
      <file href="Shared/about.xml" />
    </resource>
    <resource identifier="RES-5E5938922F183AE77A8099475F0B8308" adlcp:scormType="asset" type="webcontent" href="Shared/about.xsd">
      <file href="Shared/about.xsd" />
    </resource>
    <resource identifier="RES-DB0869D0D41EFBD64CBEADFCDFDD81A8" adlcp:scormType="asset" type="webcontent" href="Shared/about.xslt">
      <file href="Shared/about.xslt" />
    </resource>
    <resource identifier="RES-CABA0362BF7258C718525E1DD895A939" adlcp:scormType="asset" type="webcontent" href="Shared/address.xml">
      <file href="Shared/address.xml" />
    </resource>
    <resource identifier="RES-2384BBAE7B97CC510A633C8BA100545D" adlcp:scormType="asset" type="webcontent" href="Shared/resources.html">
      <file href="Shared/resources.html" />
    </resource>
    <resource identifier="RES-88F3561FA312870E30A8E2EF6ABEED56" adlcp:scormType="asset" type="webcontent" href="Shared/resources.xml">
      <file href="Shared/resources.xml" />
    </resource>
    <resource identifier="RES-D2E8A071D4018B71EAF5CD7234AF3709" adlcp:scormType="asset" type="webcontent" href="Shared/resources.xsd">
      <file href="Shared/resources.xsd" />
    </resource>
    <resource identifier="RES-80F858FCE859AF81362CDDEE96CC9D4E" adlcp:scormType="asset" type="webcontent" href="Shared/resources.xslt">
      <file href="Shared/resources.xslt" />
    </resource>
    <resource identifier="RES-EE77F0999A62C65FBB22EEAF08422B25" adlcp:scormType="sco" type="webcontent" href="PostTest/Posttest.html">
      <file href="PostTest/Posttest.html" />
      <file href="Shared/JavaScript/APIWrapper.js" />
      <file href="Shared/JavaScript/SCOFunctions.js" />
    </resource>
  </resources>
</manifest>

